Workbook

Sheet Cover
B2: TEST REPORT DOCUMENT
A4: Project Name | B4: He thong Quan ly Su kien & Ho tro AI | E4: Creator | F4: Tran Xuan Thuan
A5: Project Code | B5: UEMS | E5: Issue Date | F5: 46214
A6: Document Code | B6: =B5&"_"&"XXX"&"_"&"vx.x" -> UEMS_XXX_vx.x | E6: Version | F6: 1.0
A9: 46193 | B9: 1.0 | C9: Khuu Xuan Nhan | D9: A | E9: - Create new test report. - Add Authentication test cases | F9: None
A10: 46201 | B10: 1.1 | C10: Khuu Xuan Nhan | D10: A | E10: - Add Event Management test cases | F10: None
A11: 46208 | B11: 1.2 | C11: Khuu Xuan Nhan | D11: A | E11: - Add Registration & Ticketing, Check-in & QR | F11: None
A12: 46214 | B12: 1.3 | C12: Tran Xuan Thuan | D12: M | E12: - Review & update expected results | F12: None

Sheet Test Cases
D1: TEST CASE LIST
B3: Project Name | D3: =+Cover!B4 -> He thong Quan ly Su kien & Ho tro AI
B4: Project Code | D4: =+Cover!B5 -> UEMS
B5: Test Environment Setup Description | D5: 1. Server: Node.js/Express 2. Database: MongoDB 3. Web Browser: Chrome, Edge 4. Mang LAN/Internet
B8: No | C8: Function Name | D8: Sheet Name | E8: Description | F8: Pre-Condition
B9: 1 | C9: =Authentication!B2 -> Authentication | D9: =C9 -> Authentication | E9: Dang ky, Dang nhap, SSO, Quen/Dat lai mat khau | F9: None
B10: 2 | C10: ='Event Management'!B2 -> Event Management | D10: =C10 -> Event Management | E10: Tao, de xuat, xet duyet, publish, tim kiem su kien | F10: None
B11: 3 | C11: ='Registration & Ticketing'!B2 -> Registration & Ticketing | D11: =C11 -> Registration & Ticketing | E11: Dang ky/huy tham gia, mua ve, thanh toan online | F11: None
B12: 4 | C12: ='Check-in & QR'!B2 -> Check-in & QR | D12: =C12 -> Check-in & QR | E12: Tao QR diem danh, quet check-in, thong ke tham gia | F12: None
B13: 5 | C13: Function E | D13: Feature2

Sheet Test Statistics
B1: TEST STATISTICS
B3: Project Name | C3: =+Cover!B4 -> He thong Quan ly Su kien & Ho tro AI | E3: Creator | H3: =+Cover!F4 -> Tran Xuan Thuan
B4: Project Code | C4: =+Cover!B5 -> UEMS | E4: Reviewer/Approver | H4: Khuu Xuan Nhan
B5: Document Code | C5: =+Cover!B6 -> UEMS_XXX_vx.x | E5: Issue Date | H5: =+Cover!F5 -> 46214
B6: Notes | C6: Authentication, Event Management, Registration & Ticketing, Check-in & QR
B10: No | C10: Module code | D10: Passed | E10: Failed | F10: Pending | G10: N/A | H10: Number of test cases
B11: 1 | C11: =Authentication!B2 -> Authentication | D11: =Authentication!B6 -> 9 | E11: =Authentication!C6 -> 0 | F11: =Authentication!D6 -> 0 | G11: =Authentication!E6 -> 0 | H11: =Authentication!B4 -> 11
B12: 2 | C12: ='Event Management'!B2 -> Event Management | D12: ='Event Management'!B6 -> 8 | E12: ='Event Management'!C6 -> 0 | F12: ='Event Management'!D6 -> 0 | G12: ='Event Management'!E6 -> 0 | H12: ='Event Management'!B4 -> 10
B13: 3 | C13: ='Registration & Ticketing'!B2 -> Registration & Ticketing | D13: ='Registration & Ticketing'!B6 -> 7 | E13: ='Registration & Ticketing'!C6 -> 0 | F13: ='Registration & Ticketing'!D6 -> 0 | G13: ='Registration & Ticketing'!E6 -> 0 | H13: ='Registration & Ticketing'!B4 -> 8
B14: 4 | C14: ='Check-in & QR'!B2 -> Check-in & QR | D14: ='Check-in & QR'!B6 -> 5 | E14: ='Check-in & QR'!C6 -> 0 | F14: ='Check-in & QR'!D6 -> 0 | G14: ='Check-in & QR'!E6 -> 0 | H14: ='Check-in & QR'!B4 -> 6
C16: Sub total | D16: =SUM(D11:D15) -> 29 | E16: =SUM(E11:E15) -> 0 | F16: =SUM(F11:F15) -> 0 | G16: =SUM(G11:G15) -> 0 | H16: =SUM(H11:H15) -> 35
C18: Test coverage | E18: =(D16+E16)*100/(H16-G16) -> 82.857143 | F18: %
C19: Test successful coverage | E19: =D16*100/(H16-G16) -> 82.857143 | F19: %

Sheet Authentication
A2: Feature | B2: Authentication | R2: Passed
A3: Test requirement | B3: Kiem thu chuc nang dang ky, dang nhap, dang nhap SSO va quen/dat lai mat khau cua he thong UEMS. | R3: Failed
A4: Number of TCs | B4: =COUNTA(A12:A1000) -> 11 | R4: Pending
A5: Testing Round | B5: Passed | C5: Failed | D5: Pending | E5: N/A | R5: N/A
A6: Round 1 | B6: =COUNTIF($F10:$F998,B5) -> 9 | C6: =COUNTIF($F10:$F998,C5) -> 0 | D6: =COUNTIF($F10:$F998,D5) -> 0 | E6: =COUNTIF($F10:$F998,E5) -> 0
A7: Round 2 | B7: =COUNTIF($F10:$F998,B5) -> 9 | C7: =COUNTIF($F10:$F998,C5) -> 0 | D7: =COUNTIF($F10:$F998,D5) -> 0 | E7: =COUNTIF($F10:$F998,E5) -> 0
A8: Round 3 | B8: =COUNTIF($F10:$F998,B5) -> 9 | C8: =COUNTIF($F10:$F998,C5) -> 0 | D8: =COUNTIF($F10:$F998,D5) -> 0 | E8: =COUNTIF($F10:$F998,E5) -> 0
A10: Test Case ID | B10: Test Case Description | C10: Test Case Procedure | D10: Expected Results | E10: Pre-conditions | F10: Round 1 | G10: Test date | H10: Tester | I10: Round 2 | J10: Test date | K10: Tester | L10: Round 3 | M10: Test date | N10: Tester | O10: Note
A11: Register
A12: AUTH-REG-01 | B12: Dang ky tai khoan Guest hop le | C12: 1. Mo trang Signup 2. Nhap ho ten, email, SDT, mat khau hop le 3. Nhan Dang ky | D12: Tao tai khoan thanh cong, gui email/OTP xac thuc, chuyen ve trang dang nhap | E12: None | F12: Passed | G12: 46175 | H12: NhanKX | I12: Passed | J12: 46197 | K12: NhanKX | L12: Passed | M12: 46197 | N12: LinhNN
A13: AUTH-REG-02 | B13: Dang ky voi email da ton tai | C13: 1. Mo trang Signup 2. Nhap email da dang ky truoc do 3. Nhan Dang ky | D13: Hien thi loi "Email da duoc su dung", khong tao tai khoan | E13: Da co tai khoan email nay | F13: Passed | G13: 46177 | H13: LinhNN | I13: Passed | J13: 46199 | K13: LinhNN | L13: Passed | M13: 46199 | N13: TuanDPH
A14: AUTH-REG-03 | B14: Dang ky voi mat khau yeu / khong khop | C14: 1. Nhap mat khau < 8 ky tu hoac confirm khong khop 2. Nhan Dang ky | D14: Hien thi thong bao rang buoc mat khau, chan submit | E14: None | F14: Passed | G14: 46181 | H14: TuanDPH | I14: Passed | J14: 46202 | K14: TuanDPH | L14: Passed | M14: 46202 | N14: NhanKX
A15: Login
A16: AUTH-LOG-01 | B16: Dang nhap voi tai khoan hop le | C16: 1. Mo trang Login 2. Nhap email + mat khau dung 3. Nhan Dang nhap | D16: Dang nhap thanh cong, tra ve JWT, chuyen ve trang chu theo role | E16: Tai khoan da active | F16: Passed | G16: 46183 | H16: NhanKX | I16: Passed | J16: 46204 | K16: NhanKX | L16: Passed | M16: 46204 | N16: LinhNN
A17: AUTH-LOG-02 | B17: Dang nhap sai mat khau | C17: 1. Nhap email dung, mat khau sai 2. Nhan Dang nhap | D17: Hien thi "Email hoac mat khau khong dung", khong cap token | E17: None | F17: Passed | G17: 46185 | H17: LinhNN | I17: Passed | J17: 46206 | K17: LinhNN | L17: Passed | M17: 46206 | N17: TuanDPH
A18: AUTH-LOG-03 | B18: Dang nhap tai khoan bi khoa | C18: 1. Nhap thong tin tai khoan da bi Admin khoa 2. Nhan Dang nhap | D18: Hien thi thong bao tai khoan bi khoa, tu choi dang nhap | E18: Tai khoan bi khoa | F18: Passed | G18: 46188 | H18: TuanDPH | I18: Passed | J18: 46209 | K18: TuanDPH | L18: Passed | M18: 46209 | N18: NhanKX
A19: AUTH-LOG-04 | B19: Dang nhap SSO bang email truong (Google) | C19: 1. Nhan "Dang nhap voi Google" 2. Chon tai khoan email @fpt.edu.vn | D19: Xac thuc Google thanh cong, tu dong tao/gan role Student, vao trang chu | E19: None | F19: Passed | G19: 46190 | H19: NhanKX | I19: Passed | J19: 46211 | K19: NhanKX | L19: Passed | M19: 46211 | N19: LinhNN
A20: Forgot Password
A21: AUTH-FGP-01 | B21: Gui yeu cau quen mat khau | C21: 1. Mo Forgot Password 2. Nhap email hop le 3. Nhan Gui | D21: Gui email chua link/OTP dat lai mat khau | E21: Email ton tai | F21: Passed | G21: 46192 | H21: LinhNN | I21: Passed | J21: 46213 | K21: LinhNN | L21: Passed | M21: 46213 | N21: TuanDPH
A22: AUTH-FGP-02 | B22: Dat lai mat khau bang token het han | C22: 1. Mo link reset da het han 2. Nhap mat khau moi | D22: Hien thi loi token khong hop le/het han | E22: Token da het han | F22: Passed | G22: 46175 | H22: TuanDPH | I22: Failed | J22: 46197 | K22: TuanDPH | L22: Failed | M22: 46197 | N22: NhanKX

Sheet Event Management
A2: Feature | B2: Event Management | R2: Passed
A3: Test requirement | B3: Kiem thu luong tao, de xuat, xet duyet (ICPDP), publish (CTSV) va tim kiem su kien. | R3: Failed
A4: Number of TCs | B4: =COUNTA(A12:A998) -> 10 | R4: Pending
A5: Testing Round | B5: Passed | C5: Failed | D5: Pending | E5: N/A | R5: N/A
A6: Round 1 | B6: =COUNTIF($F10:$F996,B5) -> 8 | C6: =COUNTIF($F10:$F996,C5) -> 0 | D6: =COUNTIF($F10:$F996,D5) -> 0 | E6: =COUNTIF($F10:$F996,E5) -> 0
A7: Round 2 | B7: =COUNTIF($F10:$F996,B5) -> 8 | C7: =COUNTIF($F10:$F996,C5) -> 0 | D7: =COUNTIF($F10:$F996,D5) -> 0 | E7: =COUNTIF($F10:$F996,E5) -> 0
A8: Round 3 | B8: =COUNTIF($F10:$F996,B5) -> 8 | C8: =COUNTIF($F10:$F996,C5) -> 0 | D8: =COUNTIF($F10:$F996,D5) -> 0 | E8: =COUNTIF($F10:$F996,E5) -> 0
A10: Test Case ID | B10: Test Case Description | C10: Test Case Procedure | D10: Expected Results | E10: Pre-conditions | F10: Round 1 | G10: Test date | H10: Tester | I10: Round 2 | J10: Test date | K10: Tester | L10: Round 3 | M10: Test date | N10: Tester | O10: Note
A11: Create / Proposal (ClubOrganizer)
A12: EVT-CRT-01 | B12: Tao de xuat su kien hop le | C12: 1. Dang nhap ClubOrganizer 2. Mo Create Event 3. Nhap ten, mo ta, thoi gian, dia diem, cau hinh ve 4. Luu nhap | D12: Tao su kien trang thai Draft/Pending, hien thi trong danh sach cua CLB | E12: Login ClubOrganizer | F12: Passed | G12: 46177 | H12: NhanKX | I12: Passed | J12: 46199 | K12: NhanKX | L12: Passed | M12: 46199 | N12: LinhNN
A13: EVT-CRT-02 | B13: Tao su kien trung khung gio dia diem | C13: 1. Tao su kien tai dia diem/thoi gian da co su kien khac 2. Luu | D13: He thong canh bao xung dot lich (Schedule Conflict), chan luu | E13: Da co su kien tai khung gio do | F13: Passed | G13: 46181 | H13: LinhNN | I13: Passed | J13: 46202 | K13: LinhNN | L13: Passed | M13: 46202 | N13: TuanDPH
A14: EVT-CRT-03 | B14: Submit de xuat len ICPDP | C14: 1. Mo su kien Draft 2. Nhan Submit to ICPDP | D14: Chuyen trang thai sang Pending Approval, gui thong bao ICPDP | E14: Su kien o trang thai Draft | F14: Passed | G14: 46183 | H14: TuanDPH | I14: Passed | J14: 46204 | K14: TuanDPH | L14: Passed | M14: 46204 | N14: NhanKX
A15: Approve (ICPDP)
A16: EVT-APR-01 | B16: ICPDP phe duyet de xuat | C16: 1. Dang nhap ICPDP 2. Mo de xuat Pending 3. Nhan Approve | D16: Su kien chuyen Approved, gui thong bao cho CLB | E16: Co de xuat Pending | F16: Passed | G16: 46185 | H16: NhanKX | I16: Passed | J16: 46206 | K16: NhanKX | L16: Passed | M16: 46206 | N16: LinhNN
A17: EVT-APR-02 | B17: ICPDP tu choi kem ly do | C17: 1. Mo de xuat Pending 2. Nhan Reject, nhap ly do | D17: Su kien chuyen Rejected, hien thi ly do cho CLB | E17: Co de xuat Pending | F17: Passed | G17: 46188 | H17: LinhNN | I17: Passed | J17: 46209 | K17: LinhNN | L17: Passed | M17: 46209 | N17: TuanDPH
A18: Publish (CTSV)
A19: EVT-PUB-01 | B19: CTSV publish su kien da duyet | C19: 1. Dang nhap CTSV 2. Mo su kien Approved 3. Nhan Publish | D19: Su kien hien thi cong khai tren trang chu cho toan bo sinh vien | E19: Su kien Approved | F19: Passed | G19: 46190 | H19: TuanDPH | I19: Passed | J19: 46211 | K19: TuanDPH | L19: Passed | M19: 46211 | N19: NhanKX
A20: EVT-PUB-02 | B20: Xem chi tiet su kien cong khai (Guest) | C20: 1. Mo trang chu 2. Chon 1 su kien da Publish | D20: Hien thi day du thong tin su kien, nut Dang ky/Mua ve | E20: Su kien da Publish | F20: Passed | G20: 46192 | H20: NhanKX | I20: Passed | J20: 46213 | K20: NhanKX | L20: Passed | M20: 46213 | N20: LinhNN
A21: EVT-PUB-03 | B21: Tim kiem & loc su kien | C21: 1. Mo Events 2. Loc theo loai hinh (Workshop) va CLB | D21: Tra ve danh sach dung dieu kien loc | E21: Co du lieu su kien | F21: Passed | G21: 46175 | H21: LinhNN | I21: Passed | J21: 46197 | K21: LinhNN | L21: Passed | M21: 46197 | N21: TuanDPH

Sheet Registration & Ticketing
A2: Feature | B2: Registration & Ticketing | R2: Passed
A3: Test requirement | B3: Kiem thu dang ky/huy tham gia, mua ve va thanh toan online cua sinh vien. | R3: Failed
A4: Number of TCs | B4: =COUNTA(A12:A998) -> 8 | R4: Pending
A5: Testing Round | B5: Passed | C5: Failed | D5: Pending | E5: N/A | R5: N/A
A6: Round 1 | B6: =COUNTIF($F10:$F996,B5) -> 7 | C6: =COUNTIF($F10:$F996,C5) -> 0 | D6: =COUNTIF($F10:$F996,D5) -> 0 | E6: =COUNTIF($F10:$F996,E5) -> 0
A7: Round 2 | B7: =COUNTIF($F10:$F996,B5) -> 7 | C7: =COUNTIF($F10:$F996,C5) -> 0 | D7: =COUNTIF($F10:$F996,D5) -> 0 | E7: =COUNTIF($F10:$F996,E5) -> 0
A8: Round 3 | B8: =COUNTIF($F10:$F996,B5) -> 7 | C8: =COUNTIF($F10:$F996,C5) -> 0 | D8: =COUNTIF($F10:$F996,D5) -> 0 | E8: =COUNTIF($F10:$F996,E5) -> 0
A10: Test Case ID | B10: Test Case Description | C10: Test Case Procedure | D10: Expected Results | E10: Pre-conditions | F10: Round 1 | G10: Test date | H10: Tester | I10: Round 2 | J10: Test date | K10: Tester | L10: Round 3 | M10: Test date | N10: Tester | O10: Note
A11: Registration
A12: REG-RGS-01 | B12: Sinh vien dang ky su kien mien phi | C12: 1. Dang nhap Student 2. Mo su kien con slot 3. Nhan Dang ky | D12: Dang ky thanh cong, giam so slot, hien thi trong My Events | E12: Su kien con slot | F12: Passed | G12: 46177 | H12: TuanDPH | I12: Passed | J12: 46199 | K12: TuanDPH | L12: Passed | M12: 46199 | N12: NhanKX
A13: REG-RGS-02 | B13: Dang ky su kien da het slot | C13: 1. Mo su kien het slot 2. Nhan Dang ky | D13: Hien thi "Da het slot", chan dang ky | E13: Su kien full | F13: Passed | G13: 46181 | H13: NhanKX | I13: Passed | J13: 46202 | K13: NhanKX | L13: Passed | M13: 46202 | N13: LinhNN
A14: REG-RGS-03 | B14: Dang ky su kien trung lich ca nhan | C14: 1. Dang ky su kien trung khung gio voi su kien da tham gia | D14: He thong canh bao trung lich, chan/hoi xac nhan | E14: Da co su kien cung khung gio | F14: Passed | G14: 46183 | H14: LinhNN | I14: Passed | J14: 46204 | K14: LinhNN | L14: Passed | M14: 46204 | N14: TuanDPH
A15: REG-RGS-04 | B15: Huy dang ky su kien | C15: 1. Mo My Events 2. Chon su kien 3. Nhan Huy dang ky | D15: Huy thanh cong, hoan tra slot | E15: Da dang ky su kien | F15: Passed | G15: 46185 | H15: TuanDPH | I15: Passed | J15: 46206 | K15: TuanDPH | L15: Passed | M15: 46206 | N15: NhanKX
A16: Ticketing & Payment
A17: REG-PAY-01 | B17: Mua ve su kien co phi thanh cong | C17: 1. Mo su kien co phi 2. Chon loai ve, so luong 3. Thanh toan qua cong tich hop | D17: Thanh toan thanh cong, cap ve dinh danh kem QR, gui email xac nhan | E17: Login Student, con ve | F17: Passed | G17: 46188 | H17: NhanKX | I17: Passed | J17: 46209 | K17: NhanKX | L17: Passed | M17: 46209 | N17: LinhNN
A18: REG-PAY-02 | B18: Thanh toan that bai / huy giao dich | C18: 1. Mua ve 2. Huy tai cong thanh toan hoac the loi | D18: Giao dich that bai, khong cap ve, khong tru slot | E18: None | F18: Passed | G18: 46190 | H18: LinhNN | I18: Failed | J18: 46211 | K18: LinhNN | L18: Failed | M18: 46211 | N18: TuanDPH
A19: REG-PAY-03 | B19: Xem lich su thanh toan | C19: 1. Mo My Payments | D19: Hien thi danh sach giao dich va trang thai | E19: Da co giao dich | F19: Passed | G19: 46192 | H19: TuanDPH | I19: Passed | J19: 46213 | K19: TuanDPH | L19: Passed | M19: 46213 | N19: NhanKX

Sheet Check-in & QR
A2: Feature | B2: Check-in & QR | R2: Passed
A3: Test requirement | B3: Kiem thu tao ma QR diem danh, quet check-in tai su kien va thong ke ty le tham gia. | R3: Failed
A4: Number of TCs | B4: =COUNTA(A12:A998) -> 6 | R4: Pending
A5: Testing Round | B5: Passed | C5: Failed | D5: Pending | E5: N/A | R5: N/A
A6: Round 1 | B6: =COUNTIF($F10:$F996,B5) -> 5 | C6: =COUNTIF($F10:$F996,C5) -> 0 | D6: =COUNTIF($F10:$F996,D5) -> 0 | E6: =COUNTIF($F10:$F996,E5) -> 0
A7: Round 2 | B7: =COUNTIF($F10:$F996,B5) -> 5 | C7: =COUNTIF($F10:$F996,C5) -> 0 | D7: =COUNTIF($F10:$F996,D5) -> 0 | E7: =COUNTIF($F10:$F996,E5) -> 0
A8: Round 3 | B8: =COUNTIF($F10:$F996,B5) -> 5 | C8: =COUNTIF($F10:$F996,C5) -> 0 | D8: =COUNTIF($F10:$F996,D5) -> 0 | E8: =COUNTIF($F10:$F996,E5) -> 0
A10: Test Case ID | B10: Test Case Description | C10: Test Case Procedure | D10: Expected Results | E10: Pre-conditions | F10: Round 1 | G10: Test date | H10: Tester | I10: Round 2 | J10: Test date | K10: Tester | L10: Round 3 | M10: Test date | N10: Tester | O10: Note
A11: Create QR (ClubOrganizer)
A12: CHK-QR-01 | B12: Tao ma QR diem danh cho su kien | C12: 1. Dang nhap ClubOrganizer 2. Mo su kien dang dien ra 3. Nhan Create QR | D12: Sinh ma QR diem danh, hien thi de nguoi tham gia quet | E12: Su kien Published, dang dien ra | F12: Passed | G12: 46175 | H12: NhanKX | I12: Passed | J12: 46197 | K12: NhanKX | L12: Passed | M12: 46197 | N12: LinhNN
A13: Check-in / Scan
A14: CHK-SCN-01 | B14: Nguoi tham gia quet QR check-in hop le | C14: 1. Mo QR Scan 2. Quet ma QR cua su kien | D14: Xac nhan check-in thanh cong, cap nhat trang thai tham gia | E14: Da co ve/dang ky hop le | F14: Passed | G14: 46177 | H14: LinhNN | I14: Passed | J14: 46199 | K14: LinhNN | L14: Passed | M14: 46199 | N14: TuanDPH
A15: CHK-SCN-02 | B15: Quet ma QR khong hop le / gia mao | C15: 1. Quet ma QR sai hoac cua su kien khac | D15: Tu choi check-in, hien thi loi ma khong hop le | E15: None | F15: Passed | G15: 46181 | H15: TuanDPH | I15: Passed | J15: 46202 | K15: TuanDPH | L15: Passed | M15: 46202 | N15: NhanKX
A16: CHK-SCN-03 | B16: Check-in trung (da diem danh) | C16: 1. Quet lai QR cua nguoi da check-in | D16: Bao "Da check-in truoc do", khong ghi trung | E16: Da check-in truoc do | F16: Passed | G16: 46183 | H16: NhanKX | I16: Passed | J16: 46204 | K16: NhanKX | L16: Passed | M16: 46204 | N16: LinhNN
A17: CHK-SCN-04 | B17: Xem dashboard ty le check-in | C17: 1. Mo dashboard su kien | D17: Hien thi so lieu dang ky va ty le check-in thuc te | E17: Co du lieu check-in | F17: Passed | G17: 46185 | H17: LinhNN | I17: Passed | J17: 46206 | K17: LinhNN | L17: Passed | M17: 46206 | N17: TuanDPH
